{"name":"6154e37e-dbd9-4427-ba1b-1f3602b759c0","id":"/providers/Microsoft.Flow/flows/6154e37e-dbd9-4427-ba1b-1f3602b759c0","type":"Microsoft.Flow/flows","properties":{"apiId":"/providers/Microsoft.PowerApps/apis/shared_logicflows","displayName":"Castrol - Email Alert to Procurement","definition":{"metadata":{"workflowEntityId":null,"processAdvisorMetadata":null,"flowChargedByPaygo":null,"flowclientsuspensionreason":"None","flowclientsuspensiontime":null,"flowclientsuspensionreasondetails":null,"creator":{"id":"4b6bf837-84eb-49d3-b63f-403868676831","type":"User","tenantId":"ea80952e-a476-42d4-aaf4-5457852b0f7e"},"provisioningMethod":"FromDefinition","failureAlertSubscription":true,"clientLastModifiedTime":"2025-07-30T13:00:35.0046657Z","connectionKeySavedTimeKey":"2025-07-30T13:00:35.0046657Z","creationSource":null,"modifiedSources":"Portal;PowerAppsMaker"},"$schema":"https://schema.management.azure.com/providers/Microsoft.Logic/schemas/2016-06-01/workflowdefinition.json#","contentVersion":"1.0.0.0","parameters":{"$connections":{"defaultValue":{},"type":"Object"},"$authentication":{"defaultValue":{},"type":"SecureObject"}},"triggers":{"Triggered_First_of_the_Month":{"recurrence":{"frequency":"Month","interval":1,"timeZone":"GMT Standard Time","startTime":"2025-08-01T02:00:00.000Z"},"metadata":{"operationMetadataId":"c6d35070-6a4f-4f86-9477-d964026f274d"},"type":"Recurrence"}},"actions":{"Run_a_query_against_a_dataset_(Procurement_Owner_count_of_Expiring_Programs)":{"runAfter":{"Initialize_Invalid_Names_variable":["Succeeded"]},"metadata":{"operationMetadataId":"3926bd58-7712-45e8-a459-da23d4e8c64d"},"type":"OpenApiConnection","inputs":{"host":{"apiId":"/providers/Microsoft.PowerApps/apis/shared_powerbi","connectionName":"shared_powerbi_3","operationId":"ExecuteDatasetQuery"},"parameters":{"groupid":"d2aab577-8b25-45a3-82cd-5098f33832a0","datasetid":"d65a87cb-b192-43e0-a249-55086ae5d694","specification/query":"DEFINE\n\tVAR __DS0FilterTable = \n\t\tTREATAS({\"No\"}, 'fact_legal_contracts'[evergreen])\n\n\tVAR __DS0FilterTable2 = \n\t\tTREATAS({\"Published\"}, 'fact_legal_contracts'[contract_status])\n\n\tVAR __DS0FilterTable3 = \n\t\tTREATAS({\"True\"}, 'fact_legal_contracts'[Within Notice Period])\n\n\tVAR __DS0FilterTable4 = \n\t\tFILTER(\n\t\t\tKEEPFILTERS(VALUES('dim_vendor_invoice_header'[local_document_type_code])),\n\t\t\tNOT(\n\t\t\t\t'dim_vendor_invoice_header'[local_document_type_code] IN {\"3K\",\n\t\t\t\t\t\"KP\",\n\t\t\t\t\t\"R1\",\n\t\t\t\t\t\"RF\"}\n\t\t\t)\n\t\t)\n\n\tVAR __DS0FilterTable5 = \n\t\tFILTER(\n\t\t\tKEEPFILTERS(VALUES('fact_vendor_invoice_item'[Parent Vendor])),\n\t\t\tNOT(\n\t\t\t\t'fact_vendor_invoice_item'[Parent Vendor] IN {\"BLENDCOR\",\n\t\t\t\t\t\"BP\",\n\t\t\t\t\t\"MIDDLE EAST LUBRICANT COMPANY LLC\",\n\t\t\t\t\t\"OCEAN TRIDENT INTERNATIONAL CO., LTD.\",\n\t\t\t\t\t\"HONG KONG CANGHONG SHIPPING CO., LTD.\"}\n\t\t\t)\n\t\t)\n\n\tVAR __DS0Core = \n\t\tSUMMARIZECOLUMNS(\n\t\t\t'fact_legal_contracts'[procurement_owner],\n\t\t\t__DS0FilterTable,\n\t\t\t__DS0FilterTable2,\n\t\t\t__DS0FilterTable3,\n\t\t\t__DS0FilterTable4,\n\t\t\t__DS0FilterTable5,\n\t\t\t\"Countcontract_id\", CALCULATE(COUNTA('fact_legal_contracts'[contract_id]))\n\t\t)\n\n\tVAR __DS0PrimaryWindowed = \n\t\tTOPN(501, __DS0Core, 'fact_legal_contracts'[procurement_owner], 1)\n\nEVALUATE\n\t__DS0PrimaryWindowed\n\nORDER BY\n\t'fact_legal_contracts'[procurement_owner]\n","specification/serializerSettings/includeNulls":false},"authentication":"@parameters('$authentication')"}},"Parse_JSON":{"runAfter":{"Run_a_query_against_a_dataset_(Procurement_Owner_count_of_Expiring_Programs)":["Succeeded"]},"metadata":{"operationMetadataId":"7ff9db43-8091-4898-be02-7105199717e9"},"type":"ParseJson","inputs":{"content":"@outputs('Run_a_query_against_a_dataset_(Procurement_Owner_count_of_Expiring_Programs)')?['body/firstTableRows']","schema":{"type":"array","items":{"type":"object","properties":{"fact_legal_contracts[procurement_owner]":{"type":"string"},"[Countcontract_id]":{"type":"integer"}},"required":["fact_legal_contracts[procurement_owner]","[Countcontract_id]"]}}}},"Apply_to_each":{"foreach":"@body('Parse_JSON')","actions":{"Run_a_query_against_a_dataset_-_Contract_Coverage_get_project_details":{"runAfter":{},"metadata":{"operationMetadataId":"7ecbeab5-dda6-4e7a-bfef-513d69743f2d"},"type":"OpenApiConnection","inputs":{"host":{"apiId":"/providers/Microsoft.PowerApps/apis/shared_powerbi","connectionName":"shared_powerbi_4","operationId":"ExecuteDatasetQuery"},"parameters":{"groupid":"d2aab577-8b25-45a3-82cd-5098f33832a0","datasetid":"d65a87cb-b192-43e0-a249-55086ae5d694","specification/query":"DEFINE\n    VAR __DS0FilterTable = \n        TREATAS({\"No\"}, 'fact_legal_contracts'[evergreen])\n\n    VAR __DS0FilterTable2 = \n        TREATAS({\"Published\"}, 'fact_legal_contracts'[contract_status])\n\n    VAR __DS0FilterTable3 = \n        TREATAS({\"True\"}, 'fact_legal_contracts'[Within Notice Period])\n\n    VAR __DS0FilterTable4 = \n        FILTER(\n            KEEPFILTERS(VALUES('dim_vendor_invoice_header'[local_document_type_code])),\n            NOT 'dim_vendor_invoice_header'[local_document_type_code] IN {\n                \"3K\", \"KP\", \"R1\", \"RF\"\n            }\n        )\n\n    VAR __DS0FilterTable5 = \n        FILTER(\n            KEEPFILTERS(VALUES('fact_legal_contracts'[procurement_owner])),\n            'fact_legal_contracts'[procurement_owner] IN {\"@{items('Apply_to_each')['fact_legal_contracts[procurement_owner]']}\"\n            }\n        )\n\n    VAR __DS0FilterTable6 = \n        FILTER(\n            KEEPFILTERS(VALUES('fact_vendor_invoice_item'[Parent Vendor])),\n            NOT 'fact_vendor_invoice_item'[Parent Vendor] IN {\n                \"BLENDCOR\",\n                \"BP\",\n                \"MIDDLE EAST LUBRICANT COMPANY LLC\",\n                \"OCEAN TRIDENT INTERNATIONAL CO., LTD.\",\n                \"HONG KONG CANGHONG SHIPPING CO., LTD.\"\n            }\n        )\n\n    VAR __DS0Core = \n        CALCULATETABLE(\n            SUMMARIZE(\n                'fact_legal_contracts',\n                'fact_legal_contracts'[project_name],\n                'fact_legal_contracts'[expiration_date],\n                'fact_legal_contracts'[contract_id],\n                'fact_legal_contracts'[commodity_owner],\n                'fact_legal_contracts'[notice_period_in_days],\n                'fact_legal_contracts'[supplier_name],\n                'fact_legal_contracts'[procurement_owner]\n            ),\n            KEEPFILTERS(__DS0FilterTable),\n            KEEPFILTERS(__DS0FilterTable2),\n            KEEPFILTERS(__DS0FilterTable3),\n            KEEPFILTERS(__DS0FilterTable4),\n            KEEPFILTERS(__DS0FilterTable5),\n            KEEPFILTERS(__DS0FilterTable6)\n        )\n\n    VAR __DS0PrimaryWindowed = \n        TOPN(\n            501,\n            __DS0Core,\n            'fact_legal_contracts'[project_name], 1,\n            'fact_legal_contracts'[expiration_date], 1,\n            'fact_legal_contracts'[contract_id], 1,\n            'fact_legal_contracts'[commodity_owner], 1,\n            'fact_legal_contracts'[notice_period_in_days], 1,\n            'fact_legal_contracts'[supplier_name], 1,\n            'fact_legal_contracts'[procurement_owner], 1\n        )\n\nEVALUATE\n    __DS0PrimaryWindowed\n\nORDER BY\n    'fact_legal_contracts'[project_name],\n    'fact_legal_contracts'[expiration_date],\n    'fact_legal_contracts'[contract_id],\n    'fact_legal_contracts'[commodity_owner],\n    'fact_legal_contracts'[notice_period_in_days],\n    'fact_legal_contracts'[supplier_name],\n    'fact_legal_contracts'[procurement_owner]\n","specification/serializerSettings/includeNulls":false},"authentication":"@parameters('$authentication')"}},"Select":{"runAfter":{"Apply_to_each_2":["Succeeded"]},"metadata":{"operationMetadataId":"9175d1a6-f050-4711-b1c1-f61009d19711"},"type":"Select","inputs":{"from":"@body('Parse_JSON_2')","select":{"Commodity Owner":"@item()['fact_legal_contracts[commodity_owner]']","Contract ID":"@item()['fact_legal_contracts[contract_id]']","Expiration Date":"@substring(item()['fact_legal_contracts[expiration_date]'],0,10)","Notice Period in Days":"@item()['fact_legal_contracts[notice_period_in_days]']","Project Name":"@item()['fact_legal_contracts[project_name]']"}}},"Parse_JSON_2":{"runAfter":{"Run_a_query_against_a_dataset_-_Contract_Coverage_get_project_details":["Succeeded"]},"metadata":{"operationMetadataId":"b2e8e444-636a-4fae-8fb0-3665dc64c5e3"},"type":"ParseJson","inputs":{"content":"@outputs('Run_a_query_against_a_dataset_-_Contract_Coverage_get_project_details')?['body/firstTableRows']","schema":{"type":"array","items":{"type":"object","properties":{"fact_legal_contracts[commodity_owner]":{"type":"string"},"fact_legal_contracts[contract_id]":{"type":"string"},"fact_legal_contracts[expiration_date]":{"type":"string"},"fact_legal_contracts[notice_period_in_days]":{"type":"integer"},"fact_legal_contracts[procurement_owner]":{"type":"string"},"fact_legal_contracts[supplier_name]":{"type":"string"},"fact_legal_contracts[project_name]":{"type":"string"}},"required":["fact_legal_contracts[commodity_owner]","fact_legal_contracts[contract_id]","fact_legal_contracts[expiration_date]","fact_legal_contracts[notice_period_in_days]","fact_legal_contracts[procurement_owner]","fact_legal_contracts[supplier_name]","fact_legal_contracts[project_name]"]}}}},"Compose:_Table_Styling":{"runAfter":{"Create_HTML_table":["Succeeded"]},"metadata":{"operationMetadataId":"f199a4cf-504d-4257-a821-d293bb96ae5a"},"type":"Compose","inputs":"<style>\n\ttable {\n          border-collapse: collapse;\n\t}\n        table td, table th {\n          border: 1px solid #AAAAAA;\n          padding: 3px 10px;\n        }\n       table tr:nth-child(even) {\n          background: #90EE90;\n\t}\n\ttable thead {\n\t  background: #0DA410;\n\t}\n\ttable thead th {\n\t  font-size: 15px;\n          font-weight: bold;\n          color: #FFFFFF;\n          text-align: left;\n\t}\n\ttable tfoot {\n \t font-weight: bold;\n\t}\n</style>\n@{body('Create_HTML_table')}"},"Parse_JSON_3":{"runAfter":{"Run_a_query_against_a_dataset_Email":["Succeeded"]},"metadata":{"operationMetadataId":"54ee45a5-8836-46be-8add-45059d66a331"},"type":"ParseJson","inputs":{"content":"@outputs('Run_a_query_against_a_dataset_Email')?['body/firstTableRows']","schema":{"type":"array","items":{"type":"object","properties":{"Users Master[Email Address]":{"type":"string"},"Users Master[FullName]":{"type":"string"}},"required":["Users Master[Email Address]","Users Master[FullName]"]}}}},"Apply_to_each_2":{"foreach":"@body('Parse_JSON_3')","actions":{"Set_Email_variable":{"runAfter":{},"metadata":{"operationMetadataId":"fb824bc8-96d7-4820-a24b-0ad06093db97"},"type":"SetVariable","inputs":{"name":"Email","value":"@items('Apply_to_each_2')['Users Master[Email Address]']"}},"Compose":{"runAfter":{"Set_Email_variable":["Succeeded"]},"metadata":{"operationMetadataId":"278757aa-bfe5-4032-8ae9-4f3320a49cc4"},"type":"Compose","inputs":"@variables('Email')"}},"runAfter":{"Parse_JSON_3":["Succeeded"]},"metadata":{"operationMetadataId":"4ae7a542-afa5-41d2-b8b5-27810b57e7fb"},"type":"Foreach"},"Set_variable":{"runAfter":{"Condition":["Succeeded"]},"metadata":{"operationMetadataId":"44eed2e7-e774-4b0f-8d06-074db04dd9ee"},"type":"SetVariable","inputs":{"name":"Email","value":"\"\""}},"Condition":{"actions":{"Append_to_array_variable":{"runAfter":{},"metadata":{"operationMetadataId":"ca154652-4558-41f7-a7c3-81aebe91aa67"},"type":"AppendToArrayVariable","inputs":{"name":"Invalid Names","value":"@items('Apply_to_each')['fact_legal_contracts[procurement_owner]']"}}},"runAfter":{"Compose:_Table_Styling":["Succeeded"]},"else":{"actions":{"Send_an_email_(V2)":{"runAfter":{},"metadata":{"operationMetadataId":"d11b2c68-be70-46dc-9944-7505ff5fa870"},"type":"OpenApiConnection","inputs":{"host":{"apiId":"/providers/Microsoft.PowerApps/apis/shared_office365","connectionName":"shared_office365_1","operationId":"SendEmailV2"},"parameters":{"emailMessage/To":"joshua.munday@bp.com","emailMessage/Subject":"Contract Expiry Alert","emailMessage/Body":"<p>Hello @{items('Apply_to_each')['fact_legal_contracts[procurement_owner]']},<br>\n@{variables('Email')}<br>\nPlease review the following contracts which have expired or are within their expiration notice period in Compass.<br>\n<br>\n@{outputs('Compose:_Table_Styling')}<br>\nContract Coverage Report - <a href=\"https://app.powerbi.com/groups/me/reports/6f02b09c-e80b-4a17-8ca5-408d5c396788/ReportSection0c7bc800321925623392?ctid=ea80952e-a476-42d4-aaf4-5457852b0f7e&amp;experience=power-bi\">Click here</a><br>\nPlease apply the required filters within the Landing Page to provide the specific contracts within your scope.<br>\n<br>\nFor any queries please contact the Procurement Control Tower Team by replying to this email.<br>\n<br>\nKind Regards,<br>\nThe PCT Team</p>","emailMessage/Sensitivity":"569bf4a9-87bd-4dbf-a36c-1db5158e5def","emailMessage/ReplyTo":"pctcastrol@grp.bp.com","emailMessage/Importance":"Low"},"authentication":"@parameters('$authentication')"}}}},"expression":{"lessOrEquals":["@length(variables('Email'))",2]},"metadata":{"operationMetadataId":"bd48b5f5-b318-4d3a-a364-f33fb6e22845"},"type":"If"},"Create_HTML_table":{"runAfter":{"Select":["Succeeded"]},"metadata":{"operationMetadataId":"ae7183d4-440b-4198-9c16-da00203203b7"},"type":"Table","inputs":{"from":"@body('Select')","format":"HTML"}},"Run_a_query_against_a_dataset_Email":{"runAfter":{"Parse_JSON_2":["Succeeded"]},"metadata":{"operationMetadataId":"d3310e02-5fed-4c03-8a53-95f2988a9b89"},"type":"OpenApiConnection","inputs":{"host":{"apiId":"/providers/Microsoft.PowerApps/apis/shared_powerbi","connectionName":"shared_powerbi_4","operationId":"ExecuteDatasetQuery"},"parameters":{"groupid":"63ee3489-d027-4255-b129-1ca33e71a79a","datasetid":"367debb8-3226-49b8-a508-d2b2956694b0","specification/query":"DEFINE\n\tVAR __DS0FilterTable = \n\t\tTREATAS({\"@{items('Apply_to_each')['fact_legal_contracts[procurement_owner]']}\"}, 'Users Master'[FullName])\n\n\tVAR __DS0Core = \n\t\tCALCULATETABLE(\n\t\t\tSUMMARIZE('Users Master', 'Users Master'[Email Address], 'Users Master'[FullName]),\n\t\t\tKEEPFILTERS(__DS0FilterTable)\n\t\t)\n\n\tVAR __DS0PrimaryWindowed = \n\t\tTOPN(501, __DS0Core, 'Users Master'[Email Address], 1, 'Users Master'[FullName], 1)\n\nEVALUATE\n\t__DS0PrimaryWindowed\n\nORDER BY\n\t'Users Master'[Email Address], 'Users Master'[FullName]\n","specification/serializerSettings/includeNulls":false},"authentication":"@parameters('$authentication')"}}},"runAfter":{"Parse_JSON":["Succeeded"]},"metadata":{"operationMetadataId":"61c01822-8375-4532-aa74-e6f91e798a0d"},"type":"Foreach"},"Initialize_Email_variable":{"runAfter":{},"metadata":{"operationMetadataId":"4126604b-e562-4bbb-ab5f-e5257285fac5"},"type":"InitializeVariable","inputs":{"variables":[{"name":"Email","type":"string"}]}},"Initialize_Invalid_Names_variable":{"runAfter":{"Initialize_Email_variable":["Succeeded"]},"metadata":{"operationMetadataId":"131679d8-dace-45eb-a630-b8daa6dac331"},"type":"InitializeVariable","inputs":{"variables":[{"name":"Invalid Names","type":"array"}]}},"Condition_2":{"actions":{"Send_Success__email_to_users":{"runAfter":{},"metadata":{"operationMetadataId":"6bd6ac55-d0c0-46d5-9966-89d6a138afa5"},"type":"OpenApiConnection","inputs":{"host":{"apiId":"/providers/Microsoft.PowerApps/apis/shared_office365","connectionName":"shared_office365_1","operationId":"SendEmailV2"},"parameters":{"emailMessage/To":"pctcastrol@grp.bp.com","emailMessage/Subject":"Sucessful Email Auotmation - @{formatDateTime(utcNow(), 'dd-MM-yyyy')\r\n}","emailMessage/Body":"<p>Hello,<br>\n<br>\nThis is to confirm that the flow \"Castrol Email Alert to Procurement\" ran successfully on @{formatDateTime(utcNow(), 'dd-MM-yyyy')} .<br>\n<br>\nAll&nbsp;actions completed without errors, and the process executed as expected.<br>\n<br>\nIf you have any questions or need further details, please feel free to reach out.<br>\n<br>\nKind regards, &nbsp;<br>\nPower Automate Bot</p>","emailMessage/Sensitivity":"669defa4-6a0e-42cc-971c-e3867a6a28d5","emailMessage/Importance":"Normal"},"authentication":"@parameters('$authentication')"}}},"runAfter":{"Apply_to_each":["Succeeded"]},"else":{"actions":{"Send_Invalid_names_email":{"runAfter":{},"metadata":{"operationMetadataId":"e3d23fd5-ec76-498f-ad89-12a9cca6a101"},"type":"OpenApiConnection","inputs":{"host":{"apiId":"/providers/Microsoft.PowerApps/apis/shared_office365","connectionName":"shared_office365_1","operationId":"SendEmailV2"},"parameters":{"emailMessage/To":"pctcastrol@grp.bp.com","emailMessage/Subject":"Email Auotmation - Invalid Names","emailMessage/Body":"<p>Hello,<br>\n<br>\nThis to confirm that the flow \"Castrol Email Alert to Procurement\" did not run sucessfully for these users:<br>\n<br>\n<br>\n<br>\nKind regards, &nbsp;<br>\nPower Automate Bot</p>","emailMessage/Sensitivity":"669defa4-6a0e-42cc-971c-e3867a6a28d5","emailMessage/Importance":"Normal"},"authentication":"@parameters('$authentication')"}}}},"expression":{"equals":["@length(variables('Invalid Names')) ",0]},"metadata":{"operationMetadataId":"4563319b-ff71-4842-bb16-1f8dcb570534"},"type":"If"}}},"connectionReferences":{"shared_powerbi_3":{"connectionName":"shared-powerbi-ce21f247-6afe-4f3c-88e0-ee8ea8f63a8c","source":"Embedded","id":"/providers/Microsoft.PowerApps/apis/shared_powerbi","tier":"NotSpecified","apiName":"powerbi","isProcessSimpleApiReferenceConversionAlreadyDone":false},"shared_powerbi_4":{"connectionName":"shared-powerbi-eee57709-6775-486c-b4e1-243f85ca1b9f","source":"Embedded","id":"/providers/Microsoft.PowerApps/apis/shared_powerbi","tier":"NotSpecified","apiName":"powerbi","isProcessSimpleApiReferenceConversionAlreadyDone":false},"shared_office365_1":{"connectionName":"2f5eac1f6ee84fb8a1b0e3e103c1a936","source":"Embedded","id":"/providers/Microsoft.PowerApps/apis/shared_office365","tier":"NotSpecified","apiName":"office365","isProcessSimpleApiReferenceConversionAlreadyDone":false}},"flowFailureAlertSubscribed":false,"isManaged":false}}